{"labels": [0, 26, 19, 20, 21, 22, 23, 18, 25, 30, 27, 15, 28, 8, 29, 29, 24, 16, 7, 17, 1, 2, 3, 3, 4, 5, 6, 8, 15, 9, 10, 11, 12, 4, 6, 9, 13, 14, 20, 26], "n_clusters": 31, "n_noise": 0, "trainer": "LAIO_DB", "trainer_params": {"deltamin": 3.0180945746457965e-08, "rhomin": 0.15500000000000003}}