{"labels": [90, -1, -1, -1, 114, -1, -1, 113, 36, -1, 112, -1, -1, 111, 31, 30, 110, 109, -1, 115, -1, 0, -1, -1, 0, 0, 0, 0, -1, -1, 0, 0, 0, 0, -1, -1, 0, -1, 0, 0, 116, -1, -1, -1, 124, -1, -1, 123, 33, -1, 122, -1, -1, 121, 29, 35, 120, 119, -1, 118, -1, 0, -1, -1, 0, 0, 0, 0, -1, -1, 0, 0, 0, 0, -1, -1, 0, -1, 0, 0, 117, -1, -1, -1, 108, -1, -1, 98, 2, -1, 97, -1, -1, 96, 1, 8, 95, 94, -1, 93, -1, 0, 133, -1, 0, 0, 0, 0, -1, -1, 0, 0, 0, 0, -1, -1, 0, 0, 0, 0, 92, -1, -1, -1, 99, -1, -1, 106, 26, -1, 105, -1, -1, 104, 14, 16, 103, 107, -1, 102, -1, 0, -1, 134, 0, 0, 0, 0, -1, -1, 0, 0, 0, -1, -1, -1, 0, 0, 0, 0, 101, -1, -1, -1, 100, -1, -1, 125, 10, -1, 126, -1, -1, 131, 22, 19, 130, 129, -1, 127, -1, 0, -1, -1, 0, 0, 0, -1, -1, -1, 0, 0, 0, -1, -1, -1, 0, 0, 0, 0, 132, -1, -1, -1, 128, -1, -1, 91, 27, -1, 61, -1, -1, 47, 6, 7, 48, 49, -1, 50, -1, 0, -1, 0, 0, 0, 0, -1, -1, 0, 0, 0, 0, -1, 0, -1, -1, 0, 0, 0, 51, -1, -1, -1, 52, -1, -1, 53, 12, -1, 54, -1, -1, 55, 15, 17, 56, 57, -1, 58, -1, 0, 0, 0, -1, 0, 0, -1, 0, 0, 0, 0, 0, -1, 0, 0, -1, 0, 0, 0, 59, -1, -1, -1, 46, -1, -1, 37, 13, -1, 42, -1, -1, 44, 24, 23, 41, 40, -1, 39, 0, 0, 0, 0, -1, 0, -1, 0, 0, 0, 0, 0, -1, 0, 0, 0, -1, -1, 0, 0, 38, -1, -1, -1, 43, -1, -1, 88, 21, -1, 74, -1, -1, 60, 20, 18, 75, 76, -1, 77, 0, 0, 0, 0, -1, -1, -1, 0, 0, 0, 0, 0, -1, 0, 0, 0, -1, -1, 0, -1, 78, -1, -1, -1, 79, -1, -1, 80, 11, -1, 81, -1, -1, 82, 25, 5, 84, 85, -1, 86, 0, 0, 0, 0, 0, 0, -1, 0, 0, 0, 0, 0, -1, 0, 0, 0, 0, -1, 0, -1, 87, -1, -1, -1, 73, -1, -1, 89, 4, -1, 62, -1, -1, 63, 3, 9, 66, 67, -1, 72, 0, 0, 0, 0, 0, 0, 0, 0, 0, 0, 0, 0, -1, 0, 0, 0, 0, 0, 0, 0, 70, -1, -1, -1, 71, -1, -1, 45, 34, -1, 69, -1, -1, 68, 32, 28, 65, 64, -1, 83, 0, 0, 0, 0, 0, 0, 0, 0, 0, 0, 0, 0, 0, 0, 0, 0, 0, 0, 0, 0, 0, 0, 0, 0, 0, 0, 0, 0, 0, 0, 0, 0, 0, 0, 0, 0, 0, 0, 0, 0, 0, 0, 0, 0, 0, 0, 0, -1, 0, -1, -1, -1, -1, -1, 0, 0, 0, -1, 0, 0, -1, 0, 0, -1, 0, 0, 0, -1, 0, -1, 0, 0, 0, 0, 0, 0, 0, 0, 0, 0, 0, 0, 0, 0, 0, 0, 0, 0, 0, 0, 0, 0, 0, 0, 0, 0, 0, 0, 0, 0, 0, 0, 0, 0, 0, 0], "n_clusters": 135, "n_noise": 186, "trainer": "LAIO_DB", "trainer_params": {"deltamin": 5.0075749684151365, "rhomin": 3.225441696113074}}